"flow java reactive-streams rxjava","4"
"elasticsearch java search-engine","3"
"design-patterns java principles","3"
"0"
"0"
"0"
"0"
"0"
"0"
"compiler gradle-plugin intellij-plugin kotlin kotlin-library maven-plugin programming-language","7"
"0"
"0"
"0"
"0"
"after-effects airbnb android animation lottie","5"
"0"
"android barcode barcode-scanner datamatrix java qr-code upc zxing","8"
"0"
"0"
"0"
"0"
"algorithm algorithm-challenges algorithm-competitions algorithms coding-challenge coding-challenges coding-interview coding-interviews interview interview-practice interview-prep interview-preparation interview-questions interviews java leetcode leetcode-java leetcode-questions leetcode-solutions technical-coding-interview","20"
"activity android app bar cache convert encode encrypt file fragment log network permission phone regex snackbar spannable-string time toast utils","20"
"2d 3d android cross-platform framework game html5 ios java libgdx linux macosx windows","13"
"0"
"cluster distributed-systems dubbo high-performance java rpc rpc-framework service-consumer service-discovery service-oriented service-provider service-registration service-registry soa spring","15"
"0"
"alert android dialogs material material-design ui","6"
"0"
"0"
"android best-performance deserialization fastjson java json json-parser json-serialization json-serializer serialization","10"
"0"
"0"
"android dynamic hotfix wechat","4"
"android android-library recyclerview recyclerview-adapter recyclerview-item-animation","5"
"0"
"0"
"android android-application android-architecture android-cleanarchitecture android-development architectural java","7"
"0"
"0"
"0"
"0"
"0"
"0"
"0"
"android database java mobile mobile-database nosql-database realtime-database","7"
"0"
"0"
"0"
"0"
"android animation easing-functions","3"
"android android-development android-library android-ui drawer drawer-support drawerlayout java material-components material-design material-theme material-ui materialdrawer mikepenz navigation-drawer","15"
"android android-library android-ui material-design","4"
"android imageview widget","3"
"0"
"guide java java-8 lambda-expressions learning parallel-streams stream tutorial","8"
"android exoplayer java mediaplayer","4"
"0"
"0"
"android java json-logging log logcat logger pretty-printer timber","8"
"0"
"deeplearning deeplearning4j dl4j gpu hadoop intellij java neural-nets spark","9"
"bazel build build-system correct fast multi-language scalable test","8"
"0"
"android bottom-navigation java library material-design","5"
"appintro custom-slides material-design slide slide-policy","5"
"android android-library animation recyclerview","4"
"0"
"after-effects animations bodymovin react react-native","5"
"agera android reactive","3"
"0"
"0"
"concurrency event-loop high-performance http2 java jvm netty nio non-blocking reactive vertx","11"
"0"
"0"
"0"
"android android-library android-studio android-tools animations apps awesome google-android material-design open-source-project","10"
"android java kenburnsview material materialviewpager parallax scroll toolbar viewpager","9"
"big-data hadoop hive java presto sql","6"
"0"
"0"
"0"
"android android-ui footer header overscroll pull-to-refresh pulltorefresh refreshlayout","8"
"0"
"0"
"android android-animated-icons android-bootstrap android-library android-ui bootstrap-brands glyph-icons java twitter-bootstrap-specification widget","10"
"0"
"android layout layout-manager layoutmanager recyclerview-multi-type","5"
"dropwizard hibernate java jax-rs jersey2 jetty rest web-framework","8"
"0"
"android java recyclerview ultimaterecyclerview","4"
"android interview interview-questions","3"
"android animation crop image java photo rotation scale","8"
"0"
"android animation indicator loading","4"
"http okgo okhttp restful rxjava rxjava2","6"
"android image-compression luban","3"
"0"
"0"
"java mybatis sql","3"
"concurrency example java learning-rxjava reactive reactive-programming rxjava sample thread","9"
"0"
"0"
"0"
"0"
"0"
"android java kotlin","3"
"0"
"android-sdk h5 hybrid ios-sdk web webview","6"
"0"
"0"
"build-tool gradle","2"
"0"
"java java-library mock mock-library mocking mocking-framework mockito mocks test-automation test-driven-development testing testing-tools","12"
"crawler framework java scraping","4"
"connection-pool high-performance java jdbc","4"
"android-pickerview datepicker optionspicker pickerview timepicker","5"
"android hongbao lucky-money red-paceket","4"
"0"
"android android-apps android-book android-developers android-development android-game android-library android-open-source android-studio android-tests kotlin-android sample-android twitter websites","14"
"java metrics","2"
"android droid-plugin hook plugin pluginframework virtualization","6"
"0"
"android buck build-tool ios java python","6"
"android atlas dynamic","3"
"android animated-gifs drawable gif","4"
"0"
"0"
"0"
"android breakpoint download downloader filedownloader high-concurrency multiple-process multiple-thread multitasking","9"
"0"
"9patch android apk apktool arsc reverse-engineering","6"
"0"
"android android-image-picker android-image-selector android-library video-selector","5"
"0"
"0"
"css dom html java java-html-parser jsoup parse","7"
"0"
"0"
"0"
"0"
"android chart","2"
"android fullscreen jiecaovideoplayer player video","5"
"0"
"0"
"0"
"0"
"0"
"0"
"0"
"0"
"0"
"0"
"0"
"android android-library glide glidev4 image-processing","5"
"0"
"0"
"0"
"navigation navigator react-native","3"
"0"
"0"
"nokogiri ruby ruby-gem sax xml","5"
"0"
"android rxjava","2"
"0"
"0"
"0"
"0"
"0"
"0"
"agent apm java monitoring performance","5"
"0"
"0"
"java openapi-specification rest rest-api swagger swagger-api","6"
"0"
"0"
"activemq alioss druid dubbo ehcache fastdfs microservices mybatis mybatis-generator quartz redis sequence shiro solr spring spring-session springmvc swagger2 tbschedule zookeeper","20"
"0"
"0"
"0"
"android numberprogressbar prgressbar","3"
"0"
"0"
"0"
"cloud cloud-ide devtools docker eclipse ide","6"
"android android-library permissions","3"
"0"
"0"
"0"
"0"
"0"
"android android-studio custom-view gcssloop notes","5"
"0"
"0"
"android animation drawer-layout java menu navigationview","6"
"android cards cycle devlight infinite-scroll library ui viewpager","8"
"0"
"java oauth scribejava","3"
"0"
"android android-book","2"
"0"
"activity-fragment fragment swipeback","3"
"android android-development frp functional-programming functional-reactive-programming kotlin-android rxjava","7"
"android statusbar statusbarutil utils","4"
"analysis android apk apk-parser classyshark dex jar java kotlin","9"
"android rx zhihu","3"
"0"
"0"
"0"
"0"
"0"
"animation boom menu","3"
"0"
"0"
"0"
"0"
"0"
"0"
"0"
"0"
"0"
"android architecture java mosby mvi mvp redux","7"
"0"
"0"
"banner imageloader transformer viewpager","4"
"0"
"0"
"0"
"0"
"named-entity-recognition natural-language-processing nlp nlp-parsing stanford-nlp","5"
"0"
"android-loading animation loading loading-view progress-bar spinkit spinner","7"
"0"
"android android-cropper camera compress-images crop-image image-cropper image-picker takephoto","8"
"0"
"0"
"amqp gelf graylog kafka log-analysis log-collector log-management log-viewer logging logging-server secure-logging security siem syslog","14"
"0"
"chinese-word-segmentation conll crf dependency-parser doublearraytrie hanlp hmm java maxent natural-language-processing neural-network nlp pos-tagging text-mining textrank trie","16"
"0"
"closure-compiler javascript optimization typechecking","4"
"0"
"0"
"android drag-and-drop expandable footer header recyclerview swipe","7"
"android floatingactionbutton","2"
"cd ci ci-cd continuous-delivery continuous-delivery-server continuous-deployment continuous-integration continuous-testing gocd infrastructure-as-code","10"
"android animation java listview pull-to-refresh","5"
"git markdown presentations slideshows","4"
"android java robolectric unit-testing","4"
"0"
"0"
"android cross-platform hotfix ios plugin","5"
"android material-design music-player","3"
"android android-library charts java williamchart","5"
"0"
"android animation-effects animations textview","4"
"0"
"0"
"android calendar java material","4"
"0"
"android badge bar devlight library navigation tab ui","8"
"android anr apm blockcanary detection-library monitor performance","7"
"0"
"ansj chinese java nlp","4"
"0"
"0"
"android communication email","3"
"android book bookreader bookshelf dagger2 ebook epub mvp okhttp3 pdf reader retrofit2 rxjava txt","14"
"0"
"cache distributed distributed-locks executor hibernate java list lock map mapreduce queue redis redis-client redis-cluster scheduler session set spring ssl tomcat","20"
"0"
"android android-player android-publisher android-rtmp daniulive ios ios-player ios-rtmp player rtmp rtmp-client rtmp-player rtmp-pusher rtsp rtsp-player rtsp2rtmp windows windows-player windows-rtmp","19"
"0"
"0"
"0"
"0"
"0"
"database db2 dbeaver erd gui mysql oracle postgresql sql sqlite","10"
"0"
"android android-application douban material-design","4"
"awesome awesome-list java-api java-applications java-frameworks java-libraries java-links lists machine-learning resources","10"
"0"
"0"
"0"
"ant-task gradle-plugin gson jackson java json json-schema maven-plugin","8"
"0"
"database dbms document-database fast graph-database graph-store multi-master multi-model-dbms nosql orientdb performance sql","12"
"android android-library wysiwyg-editor","3"
"android android-development android-icon android-library custom-fonts devicons fontawesome foundation-icons google-material google-material-icons icon-font java material material-components material-design material-icons material-ui meteocons mikepenz weather-icons","20"
"activity android navigation router","4"
"0"
"0"
"0"
"alluxio big-data distributed-storage hadoop memory-speed spark","6"
"android android-application android-architecture android-library architectural architectural-patterns architecture butterknife dagger2 model-view-presenter mvp mvp-android mvp-architecture mvp-library mvp-pattern mvparms presenter retrofit2 rxjava wiki-documentation","20"
"blog emoji hexo java jekyll markdown solo theme","8"
"date-time java joda joda-time","4"
"0"
"0"
"0"
"0"
"0"
"0"
"0"
"alerting android android-app android-development android-library android-ui ui","7"
"android toast ui-widget","3"
"android animation context-menu java","4"
"authentication authorization duosecurity gradle identity-provider java ldap-authentication oauth2 openidconnect overlay saml2 spring-boot spring-cloud spring-framework spring-webflow sso-authentication sso-login thymeleaf u2f-server websso","20"
"0"
"0"
"0"
"0"
"0"
"0"
"0"
"android android-parcelable annotation-processor boilerplate java","5"
"0"
"0"
"0"
"0"
"0"
"android exoplayer ffmpeg https ijkplayer player video videocache","8"
"0"
"0"
"0"
"httpurlconnection nohttp okhttp restful","4"
"android apk gradle java","4"
"0"
"atmosphere-framework http-streaming java javascript jsonp polling reactive-programming servlet sse supporting-websockets web-application websocket-client websocket-server websockets","14"
"0"
"android android-application android-job background-jobs cron-jobs job-scheduler","6"
"indicator pagerslidingtabstrip tablayout viewpager viewpagerindicator","5"
"0"
"0"
"0"
"0"
"android feature-discovery material material-components material-design ui","6"
"android android-application android-java android-library animation card design java library material material-design maven ui ui-components uikit view","16"
"android android-debug-database awesome database database-values debug debugging sharedpreferences sqlite","9"
"0"
"0"
"android","1"
"java static-analysis","2"
"0"
"antlr antlr4 cpp csharp golang grammar java javascript language-recognition parse parser-generator parsing python swift","14"
"0"
"android bilibili ijkplayer okhttp3 retrofit2 rxjava","6"
"c-plus-plus ipc java messaging multicast-streams","5"
"0"
"0"
"0"
"0"
"0"
"0"
"android-application material retrofit2 rxjava2 weather","5"
"0"
"0"
"android android-development android-library android-ui carousel discrete-scroll item-picker layoutmanager page-transformations recyclerview recyclerviewpager swipe view viewpager","14"
"java spring-boot spring-boot-admin spring-cloud","4"
"0"
"android android-library blur image-processing","4"
"0"
"0"
"0"
"0"
"android android-library material-design picker","4"
"0"
"0"
"actors concurrency fibers java jvm","5"
"jdbc jdbc-driver shard-databases transaction","4"
"0"
"android multi-page-switching viewpager","3"
"button custom effects","3"
"hibernate java jdbc jpa orm","5"
"0"
"0"
"0"
"0"
"elasticsearch sql","2"
"0"
"0"
"0"
"recyclerview snapping","2"
"android android-library permissions","3"
"0"
"glue job quartz schedule scheduler task xxl-job","7"
"android android-image-cropper cropper","3"
"cloud cron distributed job mesos-framework scheduled-jobs scheduler","7"
"android motion-design music music-player player prototype transition transitions ui-proposal","9"
"0"
"android android-library compress-images compression compressor image-compression photos","7"
"qrcode qrcode-android qrcode-generator qrcode-scanner","4"
"0"
"0"
"android java-to-kotiln kotlin kotlin-android kotlin-language","5"
"0"
"address android citypicker datepicker java picker wheelview","7"
"android firebase","2"
"0"
"android calendar calendar-view custom-view","4"
"0"
"0"
"android android-interview android-interview-practice android-interview-questions cheat-sheets cheatsheet interview-practice interview-prep interview-questions","9"
"0"
"cardview viewpager","2"
"0"
"0"
"0"
"0"
"0"
"0"
"0"
"0"
"0"
"0"
"0"
"0"
"bpm business-process cloud java microservices spring","6"
"0"
"android chat java messenger xmpp","5"
"0"
"0"
"0"
"blade java8 mvc-framework netty4 restful template-engine","6"
"0"
"0"
"0"
"android rxjava sqlite storio","4"
"0"
"android framework plugin plugin-manager","4"
"algorithms binary-search-tree bst data-structrues dfs dijkstra dynamic-programming graph-algorithms interview-questions java linked-list mergesort search-algorithm shortest-paths sort sorting-algorithms","16"
"0"
"0"
"0"
"0"
"android java","2"
"0"
"camera photos stickercamera","3"
"0"
"0"
"android annotation-processor deep-links","3"
"0"
"0"
"high-dimensional machine-learning model parameter-server scala spark","6"
"android-library complex multitype recyclerview recyclerview-multi-type","5"
"0"
"android-application app butterknife dagger2 glide jsoup material-design mvp-android mvp-architecture okhttp3 reading-program realm retrofit rxbus rxjava v2ex zhihu","17"
"big-data data-science deep-learning distributed ensemble-learning gbm gpu h2o hadoop java machine-learning multi-threading naive-bayes opensource pca python r random-forest spark","19"
"0"
"android android-development android-library android-studio cheatsheet gradle java kotlin material performance tips tricks","12"
"0"
"0"
"android encryption hawk key-value-store preferences security sharedpreferences storage","8"
"navigation navigator react react-native","4"
"0"
"0"
"groovy http java json rest rest-api test test-automation xml","9"
"0"
"andpermission android-permissions permission rationale runtime-permissions","5"
"0"
"boxfuse continuous-delivery continuous-deployment database database-migrations devops flyway java java-library sql","10"
"android camera","2"
"android android-library android-ui bottombar bottomnavigation customizable google-components material-design","8"
"0"
"breakpoint-download multi-threading rxjava","3"
"android animation java menu transition","5"
"0"
"0"
"0"
"0"
"0"
"config-management configuration configuration-management eureka spring-boot spring-cloud-netflix spring-data-jpa spring-mvc","8"
"android camera material-design video-recording","4"
"0"
"gsonformat ide jetbrains","3"
"0"
"android-library coordinatorlayout tablayout","3"
"0"
"aws aws-billing cost ice","4"
"0"
"0"
"android floatingsearchview material-design material-ui persistent-search","5"
"android-library caching data-flow rxjava","4"
"android-component imui instant-messaging ios-component react-native ui-components","6"
"android android-library awesome download downloader downloadmanager fast fast-android-networking http http-client http2 https internet libraries network networking okhttp okhttpclient rxjava rxjava2","20"
"0"
"0"
"0"
"0"
"android material-components material-design","3"
"0"
"0"
"0"
"0"
"0"
"0"
"footerview headerview item-drag loadmore recyclerview swipe-delete swipe-menu","7"
"0"
"0"
"0"
